{
    "best_epoch": 381,
    "best_val_loss": 2.01050066947937,
    "best_tr_acc": 0.27084164339848427,
    "best_val_acc": 0.27305389221556886,
    "best_test_acc": 0.25508982035928146
}