{
    "best_epoch": 1140,
    "best_val_loss": 2.0174877643585205,
    "best_tr_acc": 0.2903869166334264,
    "best_val_acc": 0.2682634730538922,
    "best_test_acc": 0.25748502994011974
}